{
  "hash": "9a953c1b",
  "configHash": "082b6df3",
  "lockfileHash": "d3f7b7ce",
  "browserHash": "e4d1ef1e",
  "optimized": {
    "@angular/cdk/bidi": {
      "src": "../../../../../../node_modules/@angular/cdk/fesm2022/bidi.mjs",
      "file": "@angular_cdk_bidi.js",
      "fileHash": "48c89821",
      "needsInterop": false
    },
    "@angular/cdk/text-field": {
      "src": "../../../../../../node_modules/@angular/cdk/fesm2022/text-field.mjs",
      "file": "@angular_cdk_text-field.js",
      "fileHash": "bf4157ef",
      "needsInterop": false
    },
    "@angular/common": {
      "src": "../../../../../../node_modules/@angular/common/fesm2022/common.mjs",
      "file": "@angular_common.js",
      "fileHash": "408a416e",
      "needsInterop": false
    },
    "@angular/common/http": {
      "src": "../../../../../../node_modules/@angular/common/fesm2022/http.mjs",
      "file": "@angular_common_http.js",
      "fileHash": "24b90478",
      "needsInterop": false
    },
    "@angular/core": {
      "src": "../../../../../../node_modules/@angular/core/fesm2022/core.mjs",
      "file": "@angular_core.js",
      "fileHash": "82eb6dce",
      "needsInterop": false
    },
    "@angular/forms": {
      "src": "../../../../../../node_modules/@angular/forms/fesm2022/forms.mjs",
      "file": "@angular_forms.js",
      "fileHash": "5abbaff6",
      "needsInterop": false
    },
    "@angular/material/button": {
      "src": "../../../../../../node_modules/@angular/material/fesm2022/button.mjs",
      "file": "@angular_material_button.js",
      "fileHash": "06078f33",
      "needsInterop": false
    },
    "@angular/material/card": {
      "src": "../../../../../../node_modules/@angular/material/fesm2022/card.mjs",
      "file": "@angular_material_card.js",
      "fileHash": "4263b377",
      "needsInterop": false
    },
    "@angular/material/checkbox": {
      "src": "../../../../../../node_modules/@angular/material/fesm2022/checkbox.mjs",
      "file": "@angular_material_checkbox.js",
      "fileHash": "ecc18589",
      "needsInterop": false
    },
    "@angular/material/form-field": {
      "src": "../../../../../../node_modules/@angular/material/fesm2022/form-field.mjs",
      "file": "@angular_material_form-field.js",
      "fileHash": "45be59a3",
      "needsInterop": false
    },
    "@angular/material/input": {
      "src": "../../../../../../node_modules/@angular/material/fesm2022/input.mjs",
      "file": "@angular_material_input.js",
      "fileHash": "c3aa58c1",
      "needsInterop": false
    },
    "@angular/material/list": {
      "src": "../../../../../../node_modules/@angular/material/fesm2022/list.mjs",
      "file": "@angular_material_list.js",
      "fileHash": "5ca92d03",
      "needsInterop": false
    },
    "@angular/platform-browser": {
      "src": "../../../../../../node_modules/@angular/platform-browser/fesm2022/platform-browser.mjs",
      "file": "@angular_platform-browser.js",
      "fileHash": "4048cda9",
      "needsInterop": false
    },
    "@angular/platform-browser/animations": {
      "src": "../../../../../../node_modules/@angular/platform-browser/fesm2022/animations.mjs",
      "file": "@angular_platform-browser_animations.js",
      "fileHash": "5fd56cec",
      "needsInterop": false
    },
    "@angular/router": {
      "src": "../../../../../../node_modules/@angular/router/fesm2022/router.mjs",
      "file": "@angular_router.js",
      "fileHash": "00f9858b",
      "needsInterop": false
    },
    "rxjs": {
      "src": "../../../../../../node_modules/rxjs/dist/esm5/index.js",
      "file": "rxjs.js",
      "fileHash": "3a324df4",
      "needsInterop": false
    },
    "rxjs/operators": {
      "src": "../../../../../../node_modules/rxjs/dist/esm5/operators/index.js",
      "file": "rxjs_operators.js",
      "fileHash": "37dc37be",
      "needsInterop": false
    },
    "zone.js": {
      "src": "../../../../../../node_modules/zone.js/fesm2015/zone.js",
      "file": "zone__js.js",
      "fileHash": "9d5ce280",
      "needsInterop": true
    }
  },
  "chunks": {
    "chunk-TPJ6XAPH": {
      "file": "chunk-TPJ6XAPH.js"
    },
    "chunk-7YBNS2WG": {
      "file": "chunk-7YBNS2WG.js"
    },
    "chunk-RHOLAFQ3": {
      "file": "chunk-RHOLAFQ3.js"
    },
    "chunk-MEK2XTJL": {
      "file": "chunk-MEK2XTJL.js"
    },
    "chunk-PZYTHT3X": {
      "file": "chunk-PZYTHT3X.js"
    },
    "chunk-ZYGLCZPO": {
      "file": "chunk-ZYGLCZPO.js"
    },
    "chunk-BRILU53D": {
      "file": "chunk-BRILU53D.js"
    },
    "chunk-RXXRR2QN": {
      "file": "chunk-RXXRR2QN.js"
    },
    "chunk-YOIU6TQH": {
      "file": "chunk-YOIU6TQH.js"
    },
    "chunk-7ZLGOZUZ": {
      "file": "chunk-7ZLGOZUZ.js"
    },
    "chunk-W6AS74P7": {
      "file": "chunk-W6AS74P7.js"
    },
    "chunk-JRFYRMFJ": {
      "file": "chunk-JRFYRMFJ.js"
    },
    "chunk-74UC7OPV": {
      "file": "chunk-74UC7OPV.js"
    },
    "chunk-MNDS4BZZ": {
      "file": "chunk-MNDS4BZZ.js"
    },
    "chunk-QN3Z6SWW": {
      "file": "chunk-QN3Z6SWW.js"
    },
    "chunk-S4RMZLL2": {
      "file": "chunk-S4RMZLL2.js"
    },
    "chunk-BLBO2J23": {
      "file": "chunk-BLBO2J23.js"
    },
    "chunk-N4T3DK4O": {
      "file": "chunk-N4T3DK4O.js"
    },
    "chunk-TJFVSI2U": {
      "file": "chunk-TJFVSI2U.js"
    }
  }
}