{
  "hash": "9088e953",
  "configHash": "e6b4c62b",
  "lockfileHash": "25f1ac93",
  "browserHash": "2b37924c",
  "optimized": {
    "@angular/common": {
      "src": "../../../../../../node_modules/@angular/common/fesm2022/common.mjs",
      "file": "@angular_common.js",
      "fileHash": "caf88cb5",
      "needsInterop": false
    },
    "@angular/common/http": {
      "src": "../../../../../../node_modules/@angular/common/fesm2022/http.mjs",
      "file": "@angular_common_http.js",
      "fileHash": "9224daf9",
      "needsInterop": false
    },
    "@angular/core": {
      "src": "../../../../../../node_modules/@angular/core/fesm2022/core.mjs",
      "file": "@angular_core.js",
      "fileHash": "f4ebb975",
      "needsInterop": false
    },
    "@angular/platform-browser": {
      "src": "../../../../../../node_modules/@angular/platform-browser/fesm2022/platform-browser.mjs",
      "file": "@angular_platform-browser.js",
      "fileHash": "569c3877",
      "needsInterop": false
    },
    "@angular/router": {
      "src": "../../../../../../node_modules/@angular/router/fesm2022/router.mjs",
      "file": "@angular_router.js",
      "fileHash": "724e05cf",
      "needsInterop": false
    },
    "zone.js": {
      "src": "../../../../../../node_modules/zone.js/fesm2015/zone.js",
      "file": "zone__js.js",
      "fileHash": "eefa609f",
      "needsInterop": true
    }
  },
  "chunks": {
    "chunk-ZZ4NBLXZ": {
      "file": "chunk-ZZ4NBLXZ.js"
    },
    "chunk-ZEHJTDFG": {
      "file": "chunk-ZEHJTDFG.js"
    },
    "chunk-TXK2JXLB": {
      "file": "chunk-TXK2JXLB.js"
    },
    "chunk-MNDS4BZZ": {
      "file": "chunk-MNDS4BZZ.js"
    },
    "chunk-7JTMETAR": {
      "file": "chunk-7JTMETAR.js"
    },
    "chunk-TJFVSI2U": {
      "file": "chunk-TJFVSI2U.js"
    }
  }
}