{
  "hash": "9a808dde",
  "configHash": "c0ba90c0",
  "lockfileHash": "de77785c",
  "browserHash": "58d463a3",
  "optimized": {
    "@angular/common": {
      "src": "../../../../../../node_modules/@angular/common/fesm2022/common.mjs",
      "file": "@angular_common.js",
      "fileHash": "571f0a58",
      "needsInterop": false
    },
    "@angular/core": {
      "src": "../../../../../../node_modules/@angular/core/fesm2022/core.mjs",
      "file": "@angular_core.js",
      "fileHash": "1e3dae18",
      "needsInterop": false
    },
    "@angular/platform-browser": {
      "src": "../../../../../../node_modules/@angular/platform-browser/fesm2022/platform-browser.mjs",
      "file": "@angular_platform-browser.js",
      "fileHash": "9c672616",
      "needsInterop": false
    },
    "@angular/router": {
      "src": "../../../../../../node_modules/@angular/router/fesm2022/router.mjs",
      "file": "@angular_router.js",
      "fileHash": "d5abf388",
      "needsInterop": false
    },
    "zone.js": {
      "src": "../../../../../../node_modules/zone.js/fesm2015/zone.js",
      "file": "zone__js.js",
      "fileHash": "50d4e5af",
      "needsInterop": true
    }
  },
  "chunks": {
    "chunk-ZMNZPQEB": {
      "file": "chunk-ZMNZPQEB.js"
    },
    "chunk-UR45V7K6": {
      "file": "chunk-UR45V7K6.js"
    },
    "chunk-7JTMETAR": {
      "file": "chunk-7JTMETAR.js"
    },
    "chunk-TJFVSI2U": {
      "file": "chunk-TJFVSI2U.js"
    }
  }
}