{
  "hash": "99fd8e17",
  "configHash": "2520287e",
  "lockfileHash": "ccd5573f",
  "browserHash": "4d5b87f7",
  "optimized": {
    "@angular/common": {
      "src": "../../../../../../node_modules/@angular/common/fesm2022/common.mjs",
      "file": "@angular_common.js",
      "fileHash": "1e72145a",
      "needsInterop": false
    },
    "@angular/core": {
      "src": "../../../../../../node_modules/@angular/core/fesm2022/core.mjs",
      "file": "@angular_core.js",
      "fileHash": "9492c9e3",
      "needsInterop": false
    },
    "@angular/forms": {
      "src": "../../../../../../node_modules/@angular/forms/fesm2022/forms.mjs",
      "file": "@angular_forms.js",
      "fileHash": "9b322e49",
      "needsInterop": false
    },
    "@angular/platform-browser": {
      "src": "../../../../../../node_modules/@angular/platform-browser/fesm2022/platform-browser.mjs",
      "file": "@angular_platform-browser.js",
      "fileHash": "967aa3b4",
      "needsInterop": false
    },
    "@angular/router": {
      "src": "../../../../../../node_modules/@angular/router/fesm2022/router.mjs",
      "file": "@angular_router.js",
      "fileHash": "3f3bc765",
      "needsInterop": false
    },
    "@ngrx/effects": {
      "src": "../../../../../../node_modules/@ngrx/effects/fesm2022/ngrx-effects.mjs",
      "file": "@ngrx_effects.js",
      "fileHash": "3118f9b4",
      "needsInterop": false
    },
    "@ngrx/store": {
      "src": "../../../../../../node_modules/@ngrx/store/fesm2022/ngrx-store.mjs",
      "file": "@ngrx_store.js",
      "fileHash": "33a863ff",
      "needsInterop": false
    },
    "@ngrx/store-devtools": {
      "src": "../../../../../../node_modules/@ngrx/store-devtools/fesm2022/ngrx-store-devtools.mjs",
      "file": "@ngrx_store-devtools.js",
      "fileHash": "68da0439",
      "needsInterop": false
    },
    "rxjs/operators": {
      "src": "../../../../../../node_modules/rxjs/dist/esm5/operators/index.js",
      "file": "rxjs_operators.js",
      "fileHash": "6b8ffc45",
      "needsInterop": false
    },
    "uuid": {
      "src": "../../../../../../node_modules/uuid/dist/esm-browser/index.js",
      "file": "uuid.js",
      "fileHash": "b7cf5e68",
      "needsInterop": false
    }
  },
  "chunks": {
    "chunk-ELA3ZLDT": {
      "file": "chunk-ELA3ZLDT.js"
    },
    "chunk-2AGN6AMN": {
      "file": "chunk-2AGN6AMN.js"
    },
    "chunk-IVSWIJZA": {
      "file": "chunk-IVSWIJZA.js"
    },
    "chunk-FBLPVJVC": {
      "file": "chunk-FBLPVJVC.js"
    },
    "chunk-BCASMXAZ": {
      "file": "chunk-BCASMXAZ.js"
    },
    "chunk-WDMUDEB6": {
      "file": "chunk-WDMUDEB6.js"
    }
  }
}